Tittle,ChannelId,VideoId,Description
SkinnyIndonesian24 | Prabowo VS Jokowi - Epic Rap Battles Of Presidency,UCUTc6457VhzHj-Bt2ejm2BA,AP0NACavjfk,SkinnyIndonesian24 ( Andovi da Lopez sebagai Jokowi dan Jovial da Lopez sebagai Prabowo) Hidup Indonesia! Siapa yang ...
Panas! Jokowi VS Prabowo Saling Serang soal Korupsi,UC5BMIWZe9isJXLZZWPWvBlg,0iLgiRBQzzs,Debat panas antara kedua pasangan calon presiden dan wakil presiden terus berlanjut. Keadaan makin sengit saat sesi ...
FULL LIVE DEBAT Kedua Capres Pemilu 2019 -- Jokowi vs Prabowo --,UC5BMIWZe9isJXLZZWPWvBlg,bY5xuL62xRM,(TANPA jeda IKLAN) Tonton lagi FULL LIVE DEBAT Kedua Capres Pemilu 2019 -- Jokowi vs Prabowo -- #DebatCapres ...
Debat Jokowi Vs Prabowo Soal Ideologi &amp; Pemerintahan,UCKII0Ml9S5wneKbHswmUrIQ,LU2p56QVUWA,DebatCapres #DebatJokowiPrabowo #DebatKeempatCapres Calon Presiden nomor urut 01 Joko Widodo dan Calon Presiden ...
Kumpulan Skak Balik Jokowi ke Prabowo di Debat Keempat Pilpres 2019,UCzl0OrB3-ehunyotIQvK77A,_joLYHj0i3o,Untuk melihat video-video menarik lainnya kunjungi: https://video.medcom.id/ Dua kandidat capres Joko Widodo dan Prabowo ...
"Pilpres 2019, &#39;Rematch&#39; Jokowi Vs Prabowo",UCKII0Ml9S5wneKbHswmUrIQ,lTfu9npaJm0,"Pemilu Presiden 2019, mengulang pertandingan lima tahun lalu antara Joko Widodo dan Prabowo Subianto. Bedanya kali ini ..."
Rap Battle | Adu Seru Jokowi vs Prabowo - ROSI (1),UC5BMIWZe9isJXLZZWPWvBlg,B1mBrNGddbQ,"Satu minggu jelang pilpres, kampanye dua kubu semakin panas. Berbagai materi iklan dan kampanye juga semakin variatif dan ..."
Momen Serunya Debat Jokowi vs Prabowo Soal Pertahanan dan Keamanan,UCER4rvDnRBPr_ncYW4UCZjg,H70PiKnuJAI,Komisi Pemilihan Umum kembali menggelar debat calon presiden dalam rangkaian Pilpres 2019. Debat keempat itu akan ...
"Momen Saat Jokowi Bertanya Tentang Unicorn &amp; Jawaban Ragu Prabowo | Debat ke-2 Capres 2019,  Seg 5/6",UCKII0Ml9S5wneKbHswmUrIQ,nPO4lp9dSoU,Debat capres kedua di Pilpres 2019 dijadwalkan akan digelar Minggu (17/2) malam pukul 20.00 WIB. Debat capres kali ini hanya ...
Inilah &quot;Momen-Momen Panas&quot;Antara Jokowi-Maruf Vs Prabowo-Sandiuno di #DebatKelimaPilpres2019,UCKII0Ml9S5wneKbHswmUrIQ,R_Hl915hKTM,Live streaming 24 jam: https://www.cnnindonesia.com/tv Capres-Cawapres nomor urut 01 Joko Widodo-Ma'ruf Amin dan ...
